"UNCN_NM_UNID_CRONO";"UNCN_NM_UNID_CRONO_ING";"UNCN_NM_UNID_GEOCRN";"UNCN_NM_GEOCRN_ING"
"Langsettiano [A]";"Langsettian [A]";"Langsettiano [A]";""
"Namuriano";"Namurian";"Namuriano";""
"Yeadoniano";"Yeadonian";"Yeadoniano";""
"Marsdeniano";"Marsdenian";"Marsdeniano";""
"Kinderscoutiano";"Kinderscoutian";"Kinderscoutiano";""
"Alportiano";"Alportian";"Alportiano";""
"Chokieriano";"Chokierian";"Chokieriano";""
"Mississippiano";"Mississippian";"Mississippiano";"Mississippian"
"Mississippiano Superior";"Upper Mississippian";"Neomississippiano";"Late Mississippian"
"Chesteriano";"Chesterian";"Chesteriano";""
"Serpukhoviano";"Serpukhovian";"Serpukhoviano";"Serpukhovian"
"Arnsbergiano";"Arnsbergian";"Arnsbergiano";""
"Pendleiano";"Pendleian";"Pendleiano";""
"Viseano E";"Visean E";"Viseano E";""
"Warnantiano";"Warnantian";"Warnantiano";""
"Brigantiano";"Brigantian";"Brigantiano";""
"Mississippiano Médio";"Middle Mississippian";"Mesomississippiano";"Middle Mississippian"
"Viseano";"Visean";"Viseano";"Visean"
"Asbiano";"Asbian";"Asbiano";""
"Merameciano";"Meramecian";"Merameciano";""
"Liviano";"Livian";"Liviano";""
"Holkeriano";"Holkerian";"Holkeriano";""
"Arundiano";"Arundian";"Arundiano";""
"Osageano";"Osagean";"Osageano";""
"Moliniaciano";"Moliniacian";"Moliniaciano";""
"Chadiano";"Chadian";"Chadiano";""
"Mississippiano Inferior";"Lower Mississippian";"Eomississippiano";"Early Mississippian"
"Tournaisiano";"Tournaisian";"Tournaisiano";"Tournaisian"
"Ivoriano";"Ivorian";"Ivoriano";""
"Courceyano";"Courceyan";"Courceyano";""
"Kinderhookiano";"Kinderhookian";"Kinderhookiano";""
"Hastariano";"Hastarian";"Hastariano";""
"Devoniano";"Devonian";"Devoniano";"Devonian"
"Devoniano Superior";"Upper Devonian";"Neodevoniano";"Late Devonian"
"Famenniano";"Famennian";"Famenniano";"Famennian"
"Cisuraliano";"Cisuralian";"Cisuraliano";"Cisuralian"
"Kunguriano";"Kungurian";"Kunguriano";"Kungurian"
"Artinskiano";"Artinskian";"Artinskiano";"Artinskian"
"Sakmariano";"Sakmarian";"Sakmariano";"Sakmarian"
"Asseliano";"Asselian";"Asseliano";"Asselian"
"Bursumiano";"Bursumian";"Bursumiano";""
"Carbonífero";"Carboniferous";"Carbonífero";"Carboniferous"
"Pennsylvaniano";"Pennsylvanian";"Pennsylvaniano";"Pennsylvanian"
"Pennsylvaniano Superior";"Upper Pennsylvanian";"Neopennsylvaniano";"Late Pennsylvanian"
"Gzheliano";"Gzhelian";"Gzheliano";"Gzhelian"
"Virgiliano";"Virgilian";"Virgiliano";""
"Stephaniano";"Stephanian";"Stephaniano";""
"Stephaniano C";"Stephanian C";"Stephaniano C";""
"Stephaniano B";"Stephanian B";"Stephaniano B";""
"Missouriano";"Missourian";"Missouriano";""
"Barrueliano (A)";"Barruelian";"Barrueliano (A)";""
"Desmoinesiano";"Desmoinesian";"Desmoinesiano";""
"Cantabriano";"Cantabrian";"Cantabriano";""
"Pennsylvaniano Médio";"Middle Pennsylvanian";"Mesopennsylvaniano";"Middle Pennsylvanian"
"Moscoviano";"Moscovian";"Moscoviano";"Moscovian"
"Westphaliano";"Westphalian";"Westphaliano";""
"Asturiano [D]";"Asturian [D]";"Asturiano [D]";""
"Atokano";"Atokan";"Atokano";""
"Bolsoviano [C]";"Bolsovian";"Bolsoviano [C]";""
"Duckmantiano [B]";"Duckmantian [B]";"Duckmantiano [B]";""
"Pennsylvaniano Inferior";"Lower Pennsylvanian";"Eopennsylvaniano";"Early Pennsylvanian"
"Bashkiriano";"Bashkirian";"Bashkiriano";"Bashkirian"
"Morrowano";"Morrovan";"Morrowano";""
"Anisiano";"Anisian";"Anisiano";"Anisian"
"Illyriano";"Illyrian";"Illyriano";"Illyrian"
"Pelsoniano";"Pelsonian";"Pelsoniano";"Paleozoic"
"Bityniano";"Bithynian";"Bityniano";"Bithynian"
"Aegeano";"Aegean";"Aegeano";"Aegean"
"Triássico Inferior";"Lower Triassic";"Eotriássico";"Early Triassic"
"Spathiano";"Spathian";"Spathiano";"Spathian"
"Smithiano";"Smithian";"Smithiano";"Smithian"
"Induano";"Induan";"Induano";"Induan"
"Dieneriano";"Dienerian";"Dieneriano";"Dienerian"
"Griesbachiano";"Griesbachian";"Griesbachiano";"Griesbachian"
"Paleozoico";"Paleozoic";"Paleozoico";"Paleozoic"
"Permiano";"Permian";"Permiano";"Permian"
"Lopingiano";"Lopingian";"Lopingiano";"Lopingian"
"Changhsingiano";"Changhsingian";"Changhsingiano";"Changhsingian"
"Wuchiapingiano";"Wuchiapingian";"Wuchiapingiano";"Wuchiapingian"
"Guadalupiano";"Guadalupian";"Guadalupiano";"Guadalupian"
"Capitaniano";"Capitanian";"Capitaniano";"Capitanian"
"Wordiano";"Wordian";"Wordiano";"Wordian"
"Roadiano";"Roadian";"Roadiano";"Roadian"
"Pliensbachiano Superior";"Upper Pliensbachian";"Neopliensbachiano";"Late Pliensbachian"
"Carixiano";"Carixian";"Carixiano";""
"Pliensbachiano Inferior";"Lower Pliensbachian";"Eopliensbachiano";"Early Pliensbachian"
"Sinemuriano";"Sinemurian";"Sinemuriano";"Sinemurian"
"Sinemuriano Superior";"Upper Sinemurian";"Neossinemuriano";"Late Sinemurian"
"Sinemuriano Inferior";"Lower Sinemurian";"Eossinemuriano";"Early Sinemurian"
"Hettangiano";"Hettangian";"Hettangiano";"Hettangian"
"Triássico";"Triassic";"Triássico";"Triassic"
"Rhaetiano";"Rhaetian";"Rhaetiano";"Rhaetian"
"Noriano";"Norian";"Noriano";"Norian"
"Sevatiano";"Sevatian";"Sevatiano";"Sevatian"
"Alauniano";"Alaunian";"Alauniano";"Alaunian"
"Laciano";"Lacian";"Laciano";"Lacian"
"Carniano";"Carnian";"Carniano";"Carnian"
"Tuvaliano";"Tuvalian";"Tuvaliano";"Tuvalian"
"Juliano";"Julian";"Juliano";"Julian"
"Triássico Médio";"Middle Triassic";"Mesotriássico";"Middle Triassic"
"Ladiniano";"Ladinian";"Ladiniano";"Ladinian"
"Longobardiano";"Longobardian";"Longobardiano";"Longobardian"
"Fassaniano";"Fassanian";"Fassaniano";"Fassanian"
"Bathoniano";"Bathonian";"Bathoniano";"Bathonian"
"Bathoniano Superior";"Upper Bathonian";"Neobathoniano";"Late Bathonian"
"Bathoniano Médio";"Middle Bathonian";"Mesobathoniano";"Middle Bathonian"
"Bathoniano Inferior";"Lower Bathonian";"Eobathoniano";"Early Bathonian"
"Bajociano";"Bajocian";"Bajociano";"Bajocian"
"Bajociano Superior";"Upper Bajocian";"Neobajociano";"Late Bajocian"
"Bajociano Inferior";"Lower Bajocian";"Eobajociano";"Early Bajocian"
"Aaleniano";"Aalenian";"Aaleniano";"Aalenian"
"Aaleniano Superior";"Upper Aalenian";"Neoaaleniano";"Late Aalenian"
"Aaleniano Médio";"Middle Aalenian";"Mesoaaleniano";"Middle Aalenian"
"Aaleniano Inferior";"Lower Aalenian";"Eoaaleniano";"Early Aalenian"
"Toarciano";"Toarcian";"Toarciano";"Toarcian"
"Toarciano Superior";"Upper Toarcian";"Neotoarciano";"Late Toarcian"
"Toarciano Medio";"Middle Toarcian";"Mesotoarciano";""
"Toarciano Inferior";"Lower Toarcian";"Eotoarciano";"Early Toarcian"
"Domeriano";"Domerian";"Domeriano";""
"Tithoniano Superior";"Upper Tithonian";"Neotithoniano";"Late Tithonian"
"Dom Joao superior";"upper Dom Joao";"neodom-joao";""
"Dom Joao medio";"middle Dom Joao";"mesodom-joao";""
"Tithoniano Inferior";"Lower Tithonian";"Eotithoniano";"Early Tithonian"
"Dom Joao inferior";"lower Dom Joao";"eodom-joao";""
"Kimmeridgiano";"Kimmeridgian";"Kimmeridgiano";"Kimmeridgian"
"Kimmeridgiano Superior";"Upper Kimmeridgian";"Neokimmeridgiano";"Late Kimmeridgian"
"Kimmeridgiano Inferior";"Lower Kimmeridgian";"Eokimmeridgiano";"Early Kimmeridgian"
"Oxfordiano";"Oxfordian";"Oxfordiano";"Oxfordian"
"Oxfordiano Superior";"Upper Oxfordian";"Neo-oxfordiano";"Late Oxfordian"
"Oxfordiano Médio";"Middle Oxfordian";"Meso-oxfordiano";"Middle Oxfordian"
"Oxfordiano Inferior";"Lower Oxfordian";"Eo-oxfordiano";"Early Oxfordian"
"Jurássico Médio";"Middle Jurassic";"Mesojurássico";"Middle Jurassic"
"Calloviano";"Callovian";"Calloviano";"Callovian"
"Calloviano Superior";"Upper Callovian";"Neocalloviano";"Late Callovian"
"Calloviano Médio";"Middle Callovian";"Mesocalloviano";"Middle Callovian"
"Calloviano Inferior";"Lower Callovian";"Eocalloviano";"Early Callovian"
"Rio da Serra superior parte inferior";"lower upper Rio de Serra";"neorio-da-serra inicial";""
"Valanginiano Inferior";"Lower Valanginian";"Eovalanginiano";"Early Valanginian"
"Rio da Serra Médio";"Middle Rio da Serra";"Mesorio-da-serra";"Middle Rio da Serra"
"Rio da Serra medio parte superior";"upper middle Rio da Serra";"mesorio-da-serra final";""
"Berriasiano";"Berriasian";"Berriasiano";"Berriasian"
"Berriasiano Superior";"Upper Berriasian";"Neoberriasiano";"Late Berriasian"
"Rio da Serra medio parte media";"middle middle Rio da Serra";"mesorio-da-serra mediano";""
"Rio da Serra medio parte inferior";"lower middle Rio da Serra";"mesorio-da-serra inicial";""
"Berriasiano Inferior";"Lower Berriasian";"Eoberriasiano";"Early Berriasian"
"Rio da Serra Inferior";"Lower Rio da Serra";"Eorio-da-serra";"Early Rio da Serra"
"Rio da Serra inferior parte superior";"upper lower Rio da Serra";"eorio-da-serra final";""
"Rio da Serra inferior parte inferior";"lower lower Rio da Serra";"eorio-da-serra inicial";""
"Jurássico";"Jurassic";"Jurássico";"Jurassic"
"Jurássico Superior";"Upper Jurassic";"Neojurássico";"Late Jurassic"
"Tithoniano";"Tithonian";"Tithoniano";"Tithonian"
"Dom João";"Dom João";"Dom João";"Dom João"
"Aratu superior parte inferior";"lower upper Aratu";"neoaratu inicial";""
"Barremiano Inferior parte media";"middle Lower Barremian";"Eobarremiano mediano";""
"Aratu Médio";"Middle Aratu";"Mesoaratu";"Middle Aratu"
"Aratu medio parte superior";"upper middle Aratu";"mesoaratu final";""
"Barremiano Inferior parte inferior";"lower Lower Barremian";"Eobarremiano inicial";""
"Neocomiano";"Neocomian";"Neocomiano";""
"Hauteriviano Superior";"Upper Hauterivian";"Neo-hauteriviano";"Late Hauterivian"
"Aratu medio parte media";"middle middle Aratu";"mesoaratu mediano";""
"Aratu medio parte inferior";"lower middle Aratu";"mesoaratu inicial";""
"Aratu Inferior";"Lower Aratu";"Eoaratu";"Early Aratu"
"Aratu inferior parte superior";"upper lower Aratu";"eoaratu final";""
"Hauteriviano Inferior";"Lower Hauterivian";"Eo-hauteriviano";"Early Hauterivian"
"Aratu inferior parte inferior";"lower lower Aratu";"eoaratu inicial";""
"Rio da Serra";"Rio da Serra";"Rio da Serra";"Rio da Serra"
"Rio da Serra Superior";"Upper Rio da Serra";"Neorio-da-serra";"Late Rio da Serra"
"Rio da Serra superior parte superior";"upper upper Rio da Serra";"neorio-da-serra final";""
"Valanginiano";"Valanginian";"Valanginiano";"Valanginian"
"Valanginiano Superior";"Upper Valanginian";"Neovalanginiano";"Late Valanginian"
"Barremiano";"Barremian";"Barremiano";"Barremian"
"Barremiano Superior";"Upper Barremian";"Neobarremiano";"Late Barremian"
"Jiquiá Inferior";"Lower Jiquiá";"Eojiquiá";"Early Jiquiá"
"Barremiano superior parte superior";"upper upper Barremian";"Neobarremiano final";""
"Buracica";"Buracica";"Buracica";"Buracica"
"Buracica Superior";"Upper Buracica";"Neoburacica";"Late Buracica"
"Buracica superior parte superior";"upper upper Buracica";"neoburacica final";""
"Buracica superior parte media";"middle upper Buracica";"neoburacica mediano";""
"Barremiano Superior parte media";"middle Upper Barremian";"Neobarremiano mediano";""
"Buracica superior parte inferior";"lower upper Buracica";"neoburacica inicial";""
"Buracica Inferior";"Lower Buracica";"Eoburacica";"Early Buracica"
"Buracica inferior parte superior";"upper lower Buracica";"eoburacica final";""
"Buracica inferior parte inferior";"lower lower Buracica";"eoburacica inicial";""
"Barremiano Superior parte inferior";"lower Upper Barremian";"Neobarremiano inicial";""
"Aratu";"Aratu";"Aratu";"Aratu"
"Aratu Superior";"Upper Aratu";"Neoaratu";"Late Aratu"
"Aratu superior parte superior";"upper upper Aratu";"neoaratu final";""
"Barremiano Inferior";"Lower Barremian";"Eobarremiano";"Early Barremian"
"Barremiano Inferior parte superior";"upper Lower Barremian";"Eobarremiano final";""
"Clansayesiano";"Clansayesian";"Clansayesiano";""
"Aptiano Superior parte superior";"upper Upper Aptian";"Neoaptiano final";""
"Alagoas superior parte inferior";"lower upper Alagoas";"neoalagoas inicial";""
"Aptiano Superior parte media";"middle Upper Aptian";"Neoaptiano mediano";""
"Aptiano Superior parte inferior";"lower Upper Aptian";"Neoaptiano inicial";""
"Alagoas medio";"middle Alagoas";"mesoalagoas";""
"Alagoas medio parte superior";"upper middle Alagoas";"mesoalagoas final";""
"Aptiano Medio";"Middle Aptian";"Mesoaptiano ";""
"Gargasiano";"Gargasian";"Gargasiano";""
"Alagoas medio parte media";"middle middle Alagoas";"mesoalagoas mediano";""
"Alagoas medio parte inferior";"lower middle Alagoas";"mesoalagoas inicial";""
"Alagoas inferior";"lower Alagoas";"eoalagoas";""
"Aptiano Inferior";"Lower Aptian";"Eoaptiano";"Early Aptian"
"Bedouliano";"Bedoulian";"Bedouliano";""
"Aptiano Inferior parte superior";"upper Lower Aptian";"Eoaptiano final";""
"Aptiano Inferior parte media";"middle Lower Aptian";"Eoaptiano mediano";""
"Jiquiá";"Jiquiá";"Jiquiá";"Jiquiá"
"Jiquiá Superior";"Upper Jiquiá";"Neojiquiá";"Late Jiquiá"
"Aptiano Inferior parte inferior";"lower Lower Aptian";"Eoaptiano inicial";""
"Cenomaniano Inferior parte inferior";"lower Lower Cenomanian";"Eocenomaniano inicial";""
"Cretáceo Inferior";"Lower Cretaceous";"Eocretáceo";"Early Cretaceous"
"Albiano";"Albian";"Albiano";"Albian"
"Albiano Superior";"Upper Albian";"Neoalbiano";"Late Albian"
"Albiano Superior parte superior";"upper UpperAlbian";"Neoalbiano final";""
"Albiano Superior parte media";"middle Upper Albian";"Neoalbiano mediano";""
"Albiano Superior parte inferior";"lower Upper Albian";"Neoalbiano inicial";""
"Albiano Médio";"Middle Albian";"Mesoalbiano";"Middle Albian"
"Albiano Medio parte superior";"upper Middle Albian";"Mesoalbiano final";""
"Albiano Medio parte media";"middle Middle Albian";"Mesoalbiano mediano";""
"Albiano Medio parte inferior";"lower Middle Albian";"Mesoalbiano inicial";""
"Albiano Inferior";"Lower Albian";"Eoalbiano";"Early Albian"
"Albiano Inferior parte superior";"upper Lower Albian";"Eoalbiano final";""
"Albiano Inferior parte media";"middle Lower Albian";"Eoalbiano mediano";""
"Albiano Inferior parte inferior";"lower Lower Albian";"Eoalbiano inicial";""
"Alagoas";"Alagoas";"Alagoas";"Alagoas"
"Alagoas superior";"upper Alagoas";"neoalagoas";""
"Alagoas superior parte superior";"upper upper Alagoas";"neoalagoas final";""
"Aptiano";"Aptian";"Aptiano";"Aptian"
"Aptiano Superior";"Upper Aptian";"Neoaptiano";"Late Aptian"
"Turoniano Medio parte superior";"upper Middle Turonian";"Mesoturoniano final";""
"Turoniano Medio parte media";"middle Middle Turonian";"Mesoturoniano mediano";""
"Turoniano Medio parte inferior";"lower Middle Turonian";"Mesoturoniano inicial";""
"Turoniano Inferior";"Lower Turonian";"Eoturoniano";"Early Turonian"
"Turoniano Inferior parte superior";"upper Lower Turonian";"Eoturoniano final";""
"Turoniano Inferior parte media";"middle Lower Turonian";"Eoturoniano mediano";""
"Turoniano Inferior parte inferior";"lower Lower Turonian";"Eoturoniano inicial";""
"Cenomaniano";"Cenomanian ";"Cenomaniano";"Cenomanian "
"Cenomaniano Superior";"Upper Cenomanian ";"Neocenomaniano";"Late Cenomanian "
"Cenomaniano Superior parte superior";"upper Upper Cenomanian";"Neocenomaniano final";""
"Cenomaniano Superior parte media";"middle Upper Cenomanian";"Neocenomaniano mediano";""
"Cenomaniano Superior parte inferior";"lower Upper Cenomanian";"Neocenomaniano inicial";""
"Cenomaniano Médio";"Middle Cenomanian ";"Mesocenomaniano";"Middle Cenomanian "
"Cenomaniano Medio parte superior";"upper Middle Cenomanian";"Mesocenomaniano final";""
"Cenomaniano Medio parte media";"middle Middle Cenomanian";"Mesocenomaniano mediano";""
"Cenomaniano Medio parte inferior";"lower Middle Cenomanian";"Mesocenomaniano inicial";""
"Cenomaniano Inferior";"Lower Cenomanian ";"Eocenomaniano";"Early Cenomanian "
"Cenomaniano Inferior parte superior";"upper Lower Cenomanian";"Eocenomaniano final";""
"Cenomaniano Inferior parte media";"middle Lower Cenomanian";"Eocenomaniano mediano";""
"Santoniano Inferior";"Lower Santonian";"Eossantoniano";"Early Santonian"
"Santoniano Inferior parte superior";"upper Lower Santonian";"Eossantoniano final";""
"Santoniano Inferior parte media";"mLower Santonian";"Eossantoniano mediano";""
"Santoniano Inferior parte inferior";"lower Lower Santonian";"Eossantoniano inicial";""
"Coniaciano";"Coniacian";"Coniaciano";"Coniacian"
"Coniaciano Superior parte superior";"upper Upper Coniacian";"Neoconiaciano final";""
"Coniaciano Superior parte media";"middle Upper Coniacian";"Neoconiaciano mediano";""
"Coniaciano Superior parte inferior";"lower Upper Coniacian";"Neoconiaciano inicial";""
"Coniaciano Médio";"Middle Coniacian";"Mesoconiaciano";"Middle Coniacian"
"Coniaciano medio parte superior";"upper middle Coniacian";"mesoconiaciano final";""
"Coniaciano medio parte media";"middle middle Coniacian";"mesoconiaciano mediano";""
"Coniaciano medio parte inferior";"lower middle Coniacian";"mesoconiaciano inicial";""
"Coniaciano Inferior";"Lower Coniacian";"Eoconiaciano";"Early Coniacian"
"Turoniano";"Turonian";"Turoniano";"Turonian"
"Turoniano Superior";"Upper Turonian";"Neoturoniano";"Late Turonian"
"Turoniano Superior parte superior";"upper Upper Turonian";"Neoturoniano final";""
"Turoniano Superior parte media";"mizddle Upper Turonian";"Neoturoniano mediano";""
"Turoniano Superior parte inferior";"lower Upper Turonian";"Neoturoniano inicial";""
"Turoniano Médio";"Middle Turonian";"Mesoturoniano";"Middle Turonian"
"Maastrichtiano Inferior parte media";"middle Lower Maastrichtian";"Eomaastrichtiano mediano";""
"Maastrichtiano Inferior parte inferior";"lower Lower Maastrichtian";"Eomaastrichtiano inicial";""
"Campaniano";"Campanian";"Campaniano";"Campanian"
"Campaniano Superior";"Upper Campanian";"Neocampaniano";"Late Campanian"
"Campaniano Superior parte superior";"upper Upper Campanian";"Neocampaniano final";""
"Campaniano Superior parte media";"middle Upper Campanian";"Neocampaniano mediano";""
"Campaniano Superior parte inferior";"lower Upper Campanian";"Neocampaniano inicial";""
"Campaniano Médio";"Middle Campanian";"Mesocampaniano";"Middle Campanian"
"Campaniano Medio parte superior";"upper Middle Campanian";"Mesocampaniano final";""
"Campaniano Medio parte media";"middle Middle Campanian";"Mesocampaniano mediano";""
"Campaniano Medio parte inferior";"lower Middle Campanian";"Mesocampaniano inicial";""
"Campaniano Inferior";"Lower Campanian";"Eocampaniano";"Early Campanian"
"Campaniano Inferior parte superior";"upper Lower Campanian";"Eocampaniano final";""
"Campaniano Inferior parte media";"middle Lower Campanian";"Eocampaniano mediano";""
"Campaniano Inferior parte inferior";"lower Lower Campanian";"Eocampaniano inicial";""
"Santoniano";"Santonian";"Santoniano";"Santonian"
"Santoniano Superior";"Upper Santonian";"Neossantoniano";"Late Santonian"
"Santoniano Superior parte superior";"upper Upper Santonian";"Neossantoniano final";""
"Santoniano Superior parte inferior";"lower Upper Santonian";"Neossantoniano inicial";""
"Santoniano Médio";"Middle Santonian";"Mesossantoniano";"Middle Santonian"
"Selandiano inferior";"lower Selandian";"eosselandiano";""
"Paleoceno Inferior";"Lower Paleocene";"Eopaleoceno";"Early Paleocene"
"Paleoceno Inferior parte superior";"upper Lower Paleocene";"Eopaleoceno final";""
"Daniano";"Danian";"Daniano";"Danian"
"Daniano superior";"upper Danian";"neodaniano";""
"Paleoceno Inferior parte media";"middle Lower Paleocene";"Eopaleoceno mediano";""
"Daniano medio";"middle Danian";"mesodaniano";""
"Paleoceno Inferior parte inferior";"lower Lower Paleocene";"Eopaleoceno inicial";""
"Daniano inferior";"lower Danian";"eodaniano";""
"Mesozoico";"Mesozoic";"Mesozoico";"Mesozoic"
"Cretáceo";"Cretaceous";"Cretáceo";"Cretaceous"
"Cretáceo Superior";"Upper Cretaceous";"Neocretáceo";"Late Cretaceous"
"Maastrichtiano";"Maastrichtian";"Maastrichtiano";"Maastrichtian"
"Maastrichtiano Superior";"Upper Maastrichtian";"Neomaastrichtiano";"Late Maastrichtian"
"Maastrichtiano Superior parte superior";"upper Upper Maastrichtian";"Neomaastrichtiano final";""
"Maastrichtiano Superior parte media";"middle Upper Maastrichtian";"Neomaastrichtiano mediano";""
"Maastrichtiano Superior parte inferior";"lower Upper Maastrichtian";"Neomaastrichtiano inicial";""
"Maastrichtiano Inferior";"Lower Maastrichtian";"Eomaastrichtiano";"Early Maastrichtian"
"Maastrichtiano Inferior parte superior";"upper Lower Maastrichtian";"Eomaastrichtiano final";""
"Ypresiano medio";"middle Ypresian";"mesoypresiano";""
"Eoceno Inferior parte inferior";"lower Lower Eocene";"Eoeoceno inicial";""
"Ypresiano inferior";"lower Ypresian";"eoypresiano";""
"Paleoceno";"Paleocene";"Paleoceno";"Paleocene"
"Paleoceno Superior";"Upper Paleocene";"Neopaleoceno";"Late Paleocene"
"Paleoceno Superior parte superior";"upper Upper Paleocene";"Neopaleoceno final";""
"Thanetiano";"Thanetian";"Thanetiano";"Thanetian"
"Thanetiano superior";"upper Thanetian";"neothanetiano";""
"Paleoceno Superior parte media";"middle Upper Paleocene";"Neopaleoceno mediano";""
"Thanetiano medio";"middle Thanetian";"mesothanetiano";""
"Paleoceno Superior parte inferior";"lower Upper Paleocene";"Neopaleoceno inicial";""
"Thanetiano inferior";"lower Thanetian";"eothanetiano";""
"Paleoceno Médio";"Middle Paleocene";"Mesopaleoceno";"Middle Paleocene"
"Paleoceno Medio parte superior";"upper Middle Paleocene";"Mesopaleoceno final";""
"Selandiano";"Selandian";"Selandiano";"Selandian"
"Selandiano superior";"upper Selandian";"neosselandiano";""
"Paleoceno Medio parte media";"middle Middle Pal";"Mesopaleoceno mediano";""
"Selandiano medio";"middle Selandian";"Mesosselandiano";""
"Paleoceno Medio parte inferior";"lower Middle Paleocene";"Mesopaleoceno inicial";""
"Eoceno Superior parte inferior";"lower Upper Eocene";"Neoeoceno inicial";""
"Priaboniano inferior";"lower Priabonian";"eopriaboniano";""
"Eoceno Médio";"Middle Eocene";"Mesoeoceno";"Middle Eocene"
"Eoceno Medio parte superior";"upper Middle Eocene";"Mesoeoceno final";""
"Bartoniano";"Bartonian";"Bartoniano";"Bartonian"
"Bartoniano superior";"upper Bartonian";"neobartoniano";""
"Bartoniano medio";"middle Bartonian";"mesobartoniano";""
"Bartoniano inferior";"lower Bartonian";"eobartoniano";""
"Lutetiano";"Lutetian";"Lutetiano";"Lutetian"
"Lutetiano superior";"upper Lutetian";"neolutetiano";""
"Eoceno Medio parte media";"middle Middle Eocene";"Mesoeoceno mediano";""
"Lutetiano medio";"middle Lutetian";"mesolutetiano";""
"Eoceno Medio parte inferior";"lower Middle Eocene";"Mesoeoceno inicial";""
"Lutetiano inferior";"lower Lutetian";"eolutetiano";""
"Eoceno Inferior";"Lower Eocene";"Eoeoceno";"Early Eocene"
"Eoceno Inferior parte superior";"upper Lower Eocene";"Eoeoceno final";""
"Ypresiano";"Ypresian";"Ypresiano";"Ypresian"
"Ypresiano superior";"upper Ypresian";"neoypresiano";""
"Eoceno Inferior parte media";"middle Lower Eocene";"Eoeoceno mediano";""
"Oligoceno Superior parte media";"middle Upper Oligocene";"Neo-Oligoceno mediano";""
"Chattiano medio";"middle Chattian";"mesochattiano";""
"Oligoceno Superior parte inferior";"lower Upper Oligocene";"Neo-Oligoceno inicial";""
"Chattiano inferior";"lower Chattian";"eochattiano";""
"Oligoceno Inferior";"Lower Oligocene";"Eo-oligoceno";"Early Oligocene"
"Oligoceno Inferior parte superior";"upper Lower Oligocene";"Eo-Oligoceno final";""
"Rupeliano";"Rupelian";"Rupeliano";"Rupelian"
"Rupeliano superior";"upper Rupelian";"neorrupeliano";""
"Oligoceno Inferior parte media";"middle Lower Oligocene";"Eo-Oligoceno mediano";""
"Rupeliano medio";"middle Rupelian";"mesorrupeliano";""
"Rupeliano inferior";"lower Rupelian";"eorrupeliano";""
"Oligoceno Inferior parte inferior";"lower Lower Oligocene";"Eo-Oligoceno inicial";""
"Eoceno";"Eocene";"Eoceno";"Eocene"
"Eoceno Superior";"Upper Eocene";"Neoeoceno";"Late Eocene"
"Eoceno Superior parte superior";"upper Upper Eocene";"Neoeoceno final";""
"Priaboniano";"Priabonian";"Priaboniano";"Priabonian"
"Priaboniano superior";"upper Priabonian";"neopriaboniano";""
"Eoceno Superior parte media";"middle Upper Eocene";"Neoeoceno mediano";""
"Priaboniano medio";"middle Priabonian";"mesopriaboniano";""
"Mioceno Inferior parte superior";"upper Lower Miocene";"Eomioceno final";""
"Burdigaliano";"Burdigalian";"Burdigaliano";"Burdigalian"
"Burdigaliano superior";"upper Burdigalian";"neoburdigaliano";""
"Burdigaliano medio";"middle Burdigalian";"mesoburdigaliano";""
"Mioceno Inferior parte media";"middle Lower Miocene";"Eomioceno mediano";""
"Burdigaliano inferior";"lower Burdigalian";"eoburdigaliano";""
"Aquitaniano";"Aquitanian";"Aquitaniano";"Aquitanian"
"Aquitaniano superior";"upper Aquitanian";"neoaquitaniano";""
"Mioceno Inferior parte inferior";"lower Lower Miocene";"Eomioceno inicial";""
"Aquitaniano medio";"middle Aquitanian";"mesoaquitaniano";""
"Aquitaniano inferior";"lower Aquitanian";"eoaquitaniano";""
"Terciario inferior";"lower Tertiary";"eoterciario";""
"Paleogeno";"Paleogene";"Paleogeno";"Paleogene"
"Oligoceno";"Oligocene";"Oligoceno";"Oligocene"
"Oligoceno Superior";"Upper Oligocene";"Neo-oligoceno";"Late Oligocene"
"Oligoceno Superior parte superior";"upper Upper Oligocene";"Neo-Oligoceno final";""
"Chattiano";"Chattian";"Chattiano";"Chattian"
"Chattiano superior";"upper Chattian";"Neochattiano";""
"Tortoniano superior";"upper Tortonian";"neotortoniano";""
"Mioceno Superior parte media";"middle Upper Miocene";"Neomioceno mediano";""
"Tortoniano medio";"middle Tortonian";"mesotortoniano";""
"Mioceno Superior parte inferior";"lower Upper Miocene";"Neomioceno inicial";""
"Tortoniano inferior";"lower Tortonian";"eotortoniano";""
"Mioceno Médio";"Middle Miocene";"Mesomioceno";"Middle Miocene"
"Mioceno Medio parte superior";"upper Middle Miocene";"Mesomioceno final";""
"Serravalliano";"Serravallian";"Serravalliano";"Serravallian"
"Serravalliano superior";"upper Serravallian";"neosserravalliano";""
"Serravalliano medio";"middle Serravallian";"mesosserravalliano";""
"Serravalliano inferior";"lower Serravallian";"eosserravalliano";""
"Mioceno Medio parte media";"middle Middle Miocene";"Mesomioceno mediano";""
"Langhiano";"Langhian";"Langhiano";"Langhian"
"Langhiano superior";"upper Langhian";"neolanghiano";""
"Langhiano medio";"middle Langhian";"mesolanghiano";""
"Mioceno Medio parte inferior";"lower Middle Miocene";"Mesomioceno inicial";""
"Langhiano inferior";"lower Langhiano";"eolanghiano";""
"Mioceno Inferior";"Lower Miocene";"Eomioceno";"Early Miocene"
"Plioceno Superior parte inferior";"lower Upper Pliocene";"Neoplioceno inicial";""
"Piacenziano inferior";"lower Piacensian";"eopiacenziano";""
"Plioceno Inferior";"Lower Pliocene";"Eoplioceno";"Early Pliocene"
"Plioceno Inferior parte superior";"upper Lower Pliocene";"Eoplioceno final";""
"Zancleano";"Zanclean";"Zancleano";"Zanclean"
"Zancleano superior";"upper Zanclean";"neozancleano";""
"Plioceno Inferior parte media";"middle Lower Pliocene";"Eoplioceno mediano";""
"Zancleano medio";"middle Zanclean";"mesozancleano";""
"Plioceno Inferior parte inferior";"lower Lower Pliocene";"Eoplioceno inicial";""
"Zancleano inferior";"lower Zanclean";"eozancleano";""
"Mioceno";"Miocene";"Mioceno";"Miocene"
"Mioceno Superior";"Upper Miocene";"Neomioceno";"Late Miocene"
"Mioceno Superior parte superior";"upper Upper Miocene";"Neomioceno final";""
"Messiniano";"Messinian";"Messiniano";"Messinian"
"Messiniano superior";"upper Messinian";"neomessiniano";""
"Messiniano medio";"middle Messinian";"mesomessiniano";""
"Messiniano inferior";"lower Messinian";"eomessiniano";""
"Tortoniano";"Tortonian";"Tortoniano";"Tortonian"
"Fanerozoico";"Phanerozoic";"Fanerozoico";"Phanerozoic"
"Cenozoico";"Cenozoic";"Cenozoico";"Cenozoic"
"Holoceno";"Holocene";"Holoceno";"Holocene"
"Pleistoceno";"Pleistocene";"Pleistoceno";"Pleistocene"
"Pleistoceno Superior";"Upper Pleistocene";"Neopleistoceno";"Late Pleistocene"
"Tarantiano";"Tarantian";"Tarantiano";"Tarantian"
"Pleistoceno Médio";"Middle Pleistocene";"Mesopleistoceno";"Middle Pleistocene"
"Ioniano";"Ionian";"Ioniano";"Ionian"
"Pleistoceno Inferior";"Lower Pleistocene";"Eopleistoceno";"Early Pleistocene"
"Calabriano";"Calabrian";"Calabriano";"Calabrian"
"Gelasiano";"Gelasian";"Gelasiano";"Gelasian"
"Gelasiano superior";"upper Gelasian";"neogelasiano";""
"Gelasiano inferior";"lower Gelasian";"eogelasiano";""
"Terciario";"Tertiary";"Terciario";""
"Terciario superior";"upper Tertiary";"neoterciario";""
"Plioceno";"Pliocene";"Plioceno";"Pliocene"
"Plioceno Superior";"Upper Pliocene";"Neoplioceno";"Late Pliocene"
"Plioceno Superior parte superior";"upper Upper Pliocene";"Neoplioceno final";""
"Piacenziano";"Piacenzian";"Piacenziano";"Piacenzian"
"Piacenziano superior";"upper Piacensian";"neopiacenziano";""
"Chatauquano";"Chatauquan";"Chatauquano";""
"Famenniano + superior (Stuniano)";"uppermost Famennian (Stunian)";"Famenniano terminal (Stuniano)";""
"Famenniano Superior";"Upper Famennian";"Neofamenniano";"Late Famennian"
"Famenniano médio";"middle Famennian";"mesofamenniano";""
"Famenniano Inferior";"Lower Famennian";"Eofamenniano";"Early Famennian"
"Devoniano Médio";"Middle Devonian";"Mesodevoniano";"Middle Devonian"
"Givetiano";"Givetian";"Givetiano";"Givetian"
"Eifeliano";"Eifelian";"Eifeliano";"Eifelian"
"Devoniano Inferior";"Lower Devonian";"Eodevoniano";"Early Devonian"
"Emsiano";"Emsian";"Emsiano";"Emsian"
"Pragiano";"Pragian";"Pragiano";"Pragian"
"Lochkoviano";"Lochkovian";"Lochkoviano";"Lochkovian"
"Siluriano";"Silurian";"Siluriano";"Silurian"
"Pridoli";"Pridoli";"Pridoli";"Pridoli"
"Ludlow";"Ludlow";"Ludlow";"Ludlow"
"Ludfordiano";"Ludfordian";"Ludfordiano";"Ludfordian"
"Gorstiano";"Gorstian";"Gorstiano";"Gorstian"
"Wenlock";"Wenlock";"Wenlock";"Wenlock"
"Homeriano";"Homerian";"Homeriano";"Homerian"
"Sheinwoodiano";"Sheinwoodian";"Sheinwoodiano";"Sheinwoodian"
"Llandovery";"Llandovery";"Llandovery";"Llandovery"
"Telychiano";"Telychian";"Telychiano";"Telychian"
"Aeroniano";"Aeronian";"Aeroniano";"Aeronian"
"Rhuddaniano";"Rhuddanian";"Rhuddaniano";"Rhuddanian"
"Ordoviciano";"Ordovician";"Ordoviciano";"Ordovician"
"Ordoviciano Superior";"Upper Ordovician";"Neo-ordoviciano";"Late Ordovician"
"Hirnantiano";"Hirnantian";"Hirnantiano";"Hirnantian"
"Katiano";"Katian";"Katiano";"Katian"
"Sandbiano";"Sandbian";"Sandbiano";"Sandbian"
"Ordoviciano Médio";"Middle Ordovician";"Meso-ordoviciano";"Middle Ordovician"
"Darriwiliano";"Darriwilian";"Darriwiliano";"Darriwilian"
"Dapingiano";"Dapingian";"Dapingiano";"Dapingian"
"Ordoviciano Inferior";"Lower Ordovician";"Eo-ordoviciano";"Early Ordovician"
"Floiano";"Floian";"Floiano";"Floian"
"Tremadociano";"Tremadocian";"Tremadociano";"Tremadocian"
"Cambriano";"Cambrian";"Cambriano";"Cambrian"
"Furongiano";"Furongian";"Furongiano";"Furongian"
"Andar 10";"Stage 10";"Idade 10";"Age 10"
"Subandar 10-b";"10-b";"Subidade 10-b";""
"Subandar 10-a";"10-a";"Subidade 10-a";""
"Jiangshaniano";"Jiangshanian";"Jiangshaniano";"Jiangshanian"
"Paibiano";"Paibian";"Paibiano";"Paibian"
"Drumiano";"Drumian";"Drumiano";"Drumian"
"Andar 5";"Stage 5";"Idade 5";"Age 5"
"Série 2";"Serie 2";"Época 2";"Epoch 2"
"Andar 4";"Stage 4";"Idade 4";"Age 4"
"Andar 3";"Stage 3";"Idade 3";"Age 3"
"Andar 2";"Stage 2";"Idade 2";"Age 2"
"Fortuniano";"Fortunian";"Fortuniano";"Fortunian"
"Pre-Cambriano";"Precambrian";"Pre-Cambriano";""
"Proterozoico";"Proterozoic";"Proterozoico";"Proterozoic"
"Neoproterozoico";"Neoproterozoic";"Neoproterozoico";"Neoproterozoic"
"Ediacarano";"Ediacaran";"Ediacarano";"Ediacaran"
"Cryogeniano";"Cryogenian";"Cryogeniano";"Cryogenian"
"Toniano";"Tonian";"Toniano";"Tonian"
"Mesoproterozoico";"Mesoproterozoic";"Mesoproterozoico";"Mesoproterozoic"
"Steniano";"Stenian";"Steniano";"Stenian"
"Ectasiano";"Ectasian";"Ectasiano";"Ectasian"
"Calymmiano";"Calymmian";"Calymmiano";"Calymmian"
"Paleoproterozoico";"Paleoproterozoic";"Paleoproterozoico";"Paleoproterozoic"
"Statheriano";"Statherian";"Statheriano";"Statherian"
"Orosiriano";"Orosirian";"Orosiriano";"Orosirian"
"Rhyaciano";"Rhyacian";"Rhyaciano";"Rhyacian"
"Sideriano";"Siderian";"Sideriano";"Siderian"
"Arqueano";"Archean";"Arqueano";"Archean"
"Neoarqueano";"Neoarchean";"Neoarqueano";"Neoarchean"
"Mesoarqueano";"Mesoarchean";"Mesoarqueano";"Mesoarchean"
"Eoarqueano";"Eoarchean";"Eoarqueano";"Eoarchean"
"Hadeano";"Hadean";"Hadeano";"Hadean"
"SENONIANO";"";"";""
"SANTONIANO SUPERIOR PARTE MEDIA";"";"";""
"Berriasiano Médio";"Middle Berriasian";"Mesoberriasiano";"Middle Berriasian"
"MALM";"";"";""
"TITHONIANO MEDIO";"";"";""
"CAMBRIANO MEDIO";"";"";""
"CAMBRIANO INFERIOR";"";"";""
"RIPHEANO";"";"";""
"STURTIANO";"";"";""
"VENDIANO";"";"";""
"CAMBRIANO SUPERIOR";"";"";""
"CARBONIFERO INFERIOR";"";"";""
"CARBONIFERO SUPERIOR";"";"";""
"PERMIANO INFERIOR";"";"";""
"PERMIANO SUPERIOR";"";"";""
"SILURIANO INFERIOR";"";"";""
"SILURIANO SUPERIOR";"";"";""
"ARENIG";"";"";""
"ASHGILL";"";"";""
"AUTUNIANO";"";"";""
"CARADOC";"";"";""
"CRETACEO MEDIO";"";"";""
"DESMOINESIANO INFERIOR";"";"";""
"DESMOINESIANO SUPERIOR";"";"";""
"LLANDEILO";"";"";""
"LLANVIRN";"";"";""
"ROTLIEGENDES";"";"";""
"ZECHSTEIN";"";"";""
"ATOKANO INFERIOR";"";"";""
"ATOKANO MEDIO";"";"";""
"ATOKANO SUPERIOR";"";"";""
"GALICO";"";"";""
"MORROWANO INFERIOR";"";"";""
"MORROWANO SUPERIOR";"";"";""
"MOSCOVIANO INFERIOR";"";"";""
"MOSCOVIANO SUPERIOR";"";"";""
"OLIGOCENO MEDIO";"";"";""
"TOURNAISIANO INFERIOR";"";"";""
"TOURNAISIANO MEDIO";"";"";""
"TOURNAISIANO SUPERIOR";"";"";""
"VISEANO INFERIOR";"";"";""
"VISEANO MEDIO";"";"";""
"VISEANO SUPERIOR";"";"";""
"AUTUNIANO INFERIOR";"";"";""
"AUTUNIANO SUPERIOR";"";"";""
"CAUTLEYANO";"";"";""
"KAZANIANO";"";"";""
"NAMURIANO A";"";"";""
"NAMURIANO B";"";"";""
"NAMURIANO C";"";"";""
"PUSGILLIANO";"";"";""
"RAWTHEYANO";"";"";""
"STEPHANIANO D";"";"";""
"TATARIANO";"";"";""
"UFIMIANO";"";"";""
"WOLFCAMPIANO";"";"";""
"Frasniano Inferior";"Lower Frasnian";"Eofrasniano";"Early Frasnian"
"Frasniano Médio";"Middle Frasnian";"Mesofrasniano";"Middle Frasnian"
"Frasniano Superior";"Upper Frasnian";"Neofrasniano";"Late Frasnian"
"MAASTRICHTIANO MEDIO";"";"";""
"VRACONIANO";"";"";""
"Tournaisiano E";"";"Tournaisiano E";""
"Cordevoliano";"Cordevolian";"Cordevoliano";"Cordevolian"
"Givetiano Superior";"Upper Givetian";"Neogivetiano";"Late Givetian"
"Givetiano Médio";"Middle Givetian";"Mesogivetiano";"Middle Givetian"
"Givetiano Inferior";"Lower Givetian";"Eogivetiano";"Early Givetian"
"Coniaciano Superior";"Upper Coniacian";"Neoconiaciano";"Late Coniacian"
"Guzhangiano";"Guzhangian";"Guzhangiano";"Guzhangian"
"Jurássico Inferior";"Lower Jurassic";"Eojurássico";"Early Jurassic"
"Kasimoviano";"Kasimovian";"Kasimoviano";"Kasimovian"
"Olenekiano";"Olenekian";"Olenekiano";"Olenekian"
"Paleoarqueano";"Paleoarchean";"Paleoarqueano";"Paleoarchean"
"Quaternário";"Quaternary";"Quaternário";"Quaternary"
"Terreneuviano";"Terreneuvian";"Terreneuviano";"Terreneuvian"
"Neogeno";"Neogene";"Neogeno";"Neogene"
"Hauteriviano";"Hauterivian";"Hauteriviano";"Hauterivian"
"Pliensbachiano";"Pliensbachian";"Pliensbachiano";"Pliensbachian"
"Triássico Superior";"Upper Triassic";"Neotriássico";"Late Triassic"
"Frasniano";"Frasnian";"Frasniano";"Frasnian"
"Série 3";"Serie 3";"Época 3";"Epoch 3"
